Text,Label
can a man love multiple women,1360
how do i study well without getting distracted,1361
what hillary clinton thinks about india and future relation plan,1362
what is the differences between resume and curriculum vitae,1363
how do i shave my bikini line,1364
what is the best laptop under inr 20k,1365
is 319 a good score for gre,1366
what is the solution of kashmir conflict,1367
how corrupted is narendra modi,1368
why sanskrit has the capability to be a programming language,1369
how an a mosquito fly inside a moving car,1370
what are some good songs for a song lyric prank,1371
what are the top job portals in india,1372
how are pictures of our own galaxy taken from the inside,1373
what are some fairly painless ways to die,1374
how do you deal with existential depression,1375
which is the best food for bernese mountain dog puppies,1376
what are your three wishes,1377
how do i prepare for the gre,1378
what are some effective ways to stop social anxiety,1379
was delhi s odd even rule effective,1380
how can i ask great questions on quora,1381
does hillary clinton really want to start a war with russia,1382
what is your view on bob dylan winning nobel prize for literature,1383
what is baluchistan problems,1384
can the surgical strike of india over pakistani militants lead to a war between the two nations,1385
who is the super master astrologer,1386
what are the best tv serials to watch,1387
what are the best ways to build an instagram following,1388
which country has never been ruled or occupied by another country,1389
what are some interesting career options jobs available after completing engineering electrical in india,1390
why is it so hard to write an essay,1391
how do people fall in love,1392
why isn t there a directory for cell phone numbers,1393
what car do you drive,1394
how can i install a tower in my plot,1395
which are best books on digital marketing,1396
what was the worst advice you have ever received,1397
what code language should i learn to make a single player card game,1398
hillary clinton what will you do if anything about illegal immigration,1399
how was big bang created,1400
which is the best college for studying economics in india,1401
which particular book changed your life,1402
why do i get hiccups after eating food everytime,1403
is evolution true,1404
why does quora think all important questions can be asked in less than 150 characters,1405
where can i learn the basics of programming,1406
how can overcome the fear flying,1407
what if donald trump wins,1408
what are the daily habits of high achievers,1409
what do i do when my gmail has been hacked,1410
can the electoral college stop trump and vote in clinton,1411
what has hillary clinton achieved,1412
what is the best thing that almost happened to you,1413
what knowledge is required to contribute to github projects,1414
what colors do you like,1415
how do i stop my insecurities,1416
why some indians are much obsessed with western culture and feeling ashamed about their root and identity,1417
if you had a choice of unlimited super powers what would you choose,1418
what are the best poetry pieces written by you,1419
how do i invest your money,1420
how can indian muslims become a majority in india,1421
what are some good sites for learning python,1422
what pakistani think about indians,1423
does weed causes cancer,1424
what happens when the earth stops rotating in its orbit,1425
what would happen if i got two private investigators to follow each other,1426
what s the secret to a successful coffee shop,1427
how can i work in microsoft,1428
what are good monitors for a macbook pro with retina display,1429
what is better iphone or android,1430
why is quora so much against trump,1431
how do i stop worrying about future,1432
what is my puk code,1433
does our universe exist inside a black hole,1434
how do people earn billions using uber hack,1435
what are the best presence of mind moments,1436
how can i make studying more interesting,1437
what do non indians think about narendra modi,1438
what is your new years resolution,1439
is iphone 7 worth buying,1440
what is the most important thing in your life,1441
how do i solve a rubix cube easily,1442
can donald trump overturn gay marriage,1443
what are some examples of weirdest scariest websites,1444
if your life was a movie which actor would play you,1445
how did you overcome your breakup,1446
who can see my facebook profile,1447
what are the main functions of chloroplasts,1448
where can i learn latex,1449
how can you find your inner talents,1450
what is the best method to lose 20 pounds in 4 weeks or less,1451
how can one root android devices,1452
which is the greatest anime,1453
what is that one thing you would change in your life if you could go back in time,1454
have you ever see any alien in your lifetime,1455
what would happen if hillary clinton dies before the elections,1456
what are some loopholes in banning of 500 1000rs notes,1457
why doesn t isis have terrorist attacks in israel,1458
how will trump becoming president affect india,1459
how will hillary clinton s pneumonia diagnosis affect her campaign,1460
how can i stay fit without going to a gym,1461
can demonetization help india or not,1462
how can i download videos from hotstar,1463
what are some trolls on narendra modi,1464
is islam really a peaceful religion,1465
what s a good way to kill yourself,1466
how can i control my emotion,1467
what are the best books for programming,1468
why americans love donald trump,1469
what is humanity s purpose in life,1470
is smoking bad,1471
how do i balance reactions in chemistry,1472
does our existence in this world have a purpose,1473
is anything in the universe faster than light,1474
how can i transfer data on iphone to computer without itunes,1475
how can i attract girls for sex,1476
why do men engage in anal sex,1477
how can i deactivate my yahoo account permanently,1478
how can i see who views my whatsapp profile regularly,1479
how can someone accurately identify personal strengths and weaknesses,1480
why we spend time in answering questions on quora,1481
how can one learn japanese well,1482
how can i improve my presence of mind,1483
why do some people get everything,1484
has ancient egypt been scientifically tested,1485
no one answers me on quora why,1486
how can i get free itunes gift cards,1487
what s it like to date gold digger,1488
who is your favorite character on tv,1489
books for ssc cgl,1490
where can i buy cheap flight ticket,1491
which project is best in electrical engineering final year,1492
how do you unlock an ipad,1493
can i make 30 000 a month betting on horses,1494
how can i delete facebook messenger account created with phone number without facebook account,1495
how does wikipedia earn money,1496
what tv series are like game of thrones,1497
where do you go when you die,1498
how many countries are there in total,1499
what conspiracy theories have been proven,1500
why isn t hillary incarcerated yet,1501
what will happen if donald trump gets elected,1502
why does quora remove questions,1503
what are the most effective ways to promote blogs,1504
what are the hashtags to get more likes and followers on instagram,1505
should i buy iphone 6s or wait to buy iphone 7,1506
how can the drive from edmonton to auckland be described and how do these cities attractions compare to those in windsor,1507
how much black money will be controlled by banning rs 500 and rs 1000 note,1508
how do you know you have met the one,1509
how can you facetime on a mac laptop,1510
how do i join iaf after mbbs,1511
what is your biggest regret,1512
is daesh isis covertly funded by us intelligence,1513
which probably would be a better programming language to start up being a beginner,1514
what would be the cut off for kvpy sa stream,1515
what are good ways to learn german,1516
how can i become strong mentally,1517
who is sonam gupta,1518
how do i prepare for campus placement,1519
how can i immigrate to usa,1520
how can i become a good software developer,1521
why is my puppy vomiting white foam,1522
what is the difference between 3g 4g,1523
how can i learn something,1524
why is my youtube video not showing how can i fix it,1525
how do i learn algorithm,1526
what is a secret you would not tell anyone but quora,1527
how does woman s body change after losing her virginity,1528
how could boycotting china products affect india s economy,1529
how do i get myself motivated to study,1530
which are the best gmat coaching institutes in delhi ncr,1531
when does the us adopt the electoral college system and why,1532
can obama run again for president 2016,1533
which ia the best place to visit in india,1534
what are the ways to earn money,1535
how do i stop daydreaming so much,1536
donald trump what could happen if donald trump becomes president,1537
are we in a matrix,1538
how can i create an online store,1539
what should i do to become a movie critic,1540
what is the funniest film,1541
what causes a nightmare,1542
how do i contact instagram,1543
narendra modi what are the unknown facts about narendra modi,1544
since carrie fisher has passed away what will they do about star wars episode ix,1545
i am quite skinny how can i gain weight,1546
what business can i start with inr 50000 rs,1547
what is a hard disk drive,1548
what is the quickbooks installation support phone number,1549
why are samsung note 7s exploding,1550
will california secede from the united states,1551
how did quora change your life,1552
what are some of the best inventions in 2016,1553
why do people say god bless you when you sneeze,1554
how can i find all of my gmail accounts that i ever set up,1555
how can i beat depression,1556
how should i make a decision,1557
how do i potty train a puppy,1558
will hillary clinton change anything about immigration,1559
what are the books to be read for self improvement,1560
why are some questions so long,1561
why do my answers keep collapsing,1562
how is the movie suicide squad,1563
how do i get a job in vlsi companies,1564
why are planets mostly round,1565
how do i relieve lower back pain and stiffness,1566
how should i learn faster,1567
how do trump supporters feel about his cabinet nominees,1568
what s the worst thing that ever happened to you,1569
how did the agricultural revolution affect the world,1570
what do you like about apple products,1571
which hollywood movie will be best in 2017,1572
how do i stop eating,1573
what should i study the most to get good marks in ntse,1574
it s it possible to survive getting shot in the forehead,1575
have you ever witnessed any supernatural phenomena for real,1576
how do i break up with fiancé,1577
is trump sabotaging himself because he secretly doesn t want to be president,1578
how do i get myself a girlfriend,1579
who will win in punjab,1580
what is the difference between infatuation love,1581
do animals understand emotions,1582
how much does it cost to buy a laptop with this configuration i5 8gb ram 1tb hard disk 2 gb graphic card,1583
which education in the world is the best,1584
why are indians worried about what others think,1585
how can i find my true purpose,1586
why did god create the devil,1587
will robots take most jobs,1588
how fast do we believe the universe is expanding,1589
what does isis want,1590
what is the salary of an assistant in css after 7th pay commission,1591
is pro wrestling fake,1592
what are distinct symptoms of borderline personality disorder,1593
who is the best prime minister and why,1594
what is the best web scraping tutorial with python,1595
i ve been smoking meth for about a year how long will it be before i can pass a blood test,1596
can you get high by accidentally ingesting a few tiny specks of weed,1597
what are the best weapons to use against zombies,1598
what would make anyone want to vote for hillary,1599
what is wrong with the current indian education,1600
what is the most happiest moment in life,1601
what are indians still doing wrong,1602
how does benadryl affect dogs,1603
what is your impression of chinese people,1604
can i make 50 000 a month playing poker,1605
how do i get my dachshund to stop chewing furniture,1606
how do i know if i m blocked on whatsapp,1607
what shall i do when everything goes wrong in life,1608
how is quora better than google,1609
is there anything else other than torrent to download tv series and movies,1610
how could i a pornstar,1611
how do i start learning web development,1612
why do girls give mixed signals,1613
when will the next macbook pro 2016 be released,1614
how do i check if milk is adulterated,1615
how do i learn stock market investing,1616
should quora not allow disabling comments,1617
why do wars happen,1618
how can i improve my coding skills,1619
what is the difference between self esteem and ego,1620
which is the leading seo ‪company‬ in ‪delhi‬,1621
is age a problem for pursuing phd,1622
what are general questions asked for in an interview,1623
can i block certain categories on quora,1624
how can i convince my parents for a love marriage,1625
what is the quickest way to recover from boredom,1626
what is the sahara and how do the average temperatures there compare to the ones in the gibson desert,1627
what are somethings that happen only in india,1628
how i can become a millionaire,1629
how shall i prepare for ca final nov 16 exams,1630
what are some amazing facts about the indian railways,1631
what are some accurate free online iq tests,1632
what can i do to reduce my belly,1633
why do you follow people on quora,1634
is playstation better than xbox,1635
what is the stock market,1636
what are your favorite foods,1637
why do so many people want to vote for donald trump,1638
why does manaphy always had a panic attack in the anime,1639
what are some mind blowing bike technology that most people dont know,1640
how can you overcome depression without medication,1641
honestly what is the healthy minimum and maximum one can sleep,1642
what is a good investment,1643
why do the government of india discontinued 1000 rs notes,1644
how do i do internship at google,1645
what s the point of life,1646
why does my left eye keep twitching involuntarily,1647
how can i recover a hacked instagram,1648
do we get periods after getting pregnant,1649
how was your first sex experience good bad describe it,1650
can i learn martial arts on my own,1651
do women enjoy anal play,1652
what is best laptop under 40000 rupees,1653
what s it like having siblings,1654
should homosexuality be decriminalised in india,1655
can someone increase their height after 25 years,1656
how does google recover an account,1657
how can i ask great quality questions,1658
how can i earn money without doing anything,1659
will donald trump cut off all h1b visa,1660
why are republicans against climate change evidence,1661
is it safe to lose 40 pounds in 2 weeks,1662
how much does it cost to print the new inr 2000 note,1663
what are the best ways to download youtube videos,1664
what is the best earphone under 1k,1665
how ac current is different from dc,1666
is there any jobs for mechanical graduate students in germany,1667
how does a facebook page earn money,1668
what new thing did you learn about life today,1669
how can i become rich,1670
why did global warming end up climate change,1671
how did you meet your lover,1672
how should one prepare for interviews,1673
how do i overcome smartphone addiction,1674
how do i have longer sex time,1675
why do some people hate apple,1676
how do i know that she like me,1677
what would happen if the moon suddenly disappeared,1678
what is the salary of fresher income tax officer,1679
what is the best example of karma in your life,1680
how will be corruption free india,1681
what will the third world war look like,1682
how do i get success in life,1683
what are greatest thriller movies,1684
why we often forget our dreams,1685
which are the best gear bicycles in india under 10000,1686
what is your favourite harry potter movie why,1687
what are some of the best new camping inventions,1688
what are certain things that makes indians happy,1689
how can i stop feeling lonely,1690
how do i stop thinking about someone,1691
how do i add topics,1692
who would win in a war between russia and the us,1693
what s so great about italian leather,1694
how can i treat and cure oral ulcers,1695
where can i get largest selection of wedding gowns in gold coast,1696
what are some good channels on youtube to subscribe,1697
how does masturbation affect growth,1698
which are the best linux distros for an individual user,1699
